[
    {
        "model": "scsite.team",
        "pk": 1,
        "fields": {
            "team_id": "1",
            "column": "1",
            "Name": "Ruth Polachek",
            "Title ": "Founder and Chairwoman"
        }
    },
    {
        "model": "scsite.team",
        "pk": 2,
        "fields": {
            "team_id": "2",
            "column": "1",
            "Name": "Karni Wolf",
            "Title ": "VP"
        }
    },
    {
        "model": "scsite.team",
        "pk": 3,
        "fields": {
            "team_id": "3",
            "column": "1",
            "Name": "Victoria Kalm",
            "Title ": "Haift area Manager"
        }
    },
    {
        "model": "scsite.team",
        "pk": 4,
        "fields": {
            "team_id": "4",
            "column": "1",
            "Name": "Luda Fux",
            "Title ": "ios expert"
        }
    },
    {
        "model": "scsite.team",
        "pk": 5,
        "fields": {
            "team_id": "5",
            "column": "1",
            "Name": "Shanee Radzewsky",
            "Title ": "TAU branch Manager"
        }
    },
    {
        "model": "scsite.team",
        "pk": 6,
        "fields": {
            "team_id": "6",
            "column": "1",
            "Name": "Dar Lador",
            "Title ": "Weizmann branch manager"
        }
    },
    {
        "model": "scsite.team",
        "pk": 7,
        "fields": {
            "team_id": "7",
            "column": "1",
            "Name": "Emily Lynx Shkler Kohen",
            "Title ": "HaifaU branch manager"
        }
    },
    {
        "model": "scsite.team",
        "pk": 8,
        "fields": {
            "team_id": "8",
            "column": "1",
            "Name": "Laya Kott",
            "Title ": "JLM Har-Hatzofim branch manager"
        }
    },
    {
        "model": "scsite.team",
        "pk": 9,
        "fields": {
            "team_id": "9",
            "column": "1",
            "Name": "Shany Krispin",
            "Title ": "Eilat area manager"
        }
    },
    {
        "model": "scsite.team",
        "pk": 10,
        "fields": {
            "team_id": "10",
            "column": "1",
            "Name": "Rotem Ariel",
            "Title ": "google branch manager"
        }
    },
    {
        "model": "scsite.team",
        "pk": 11,
        "fields": {
            "team_id": "11",
            "column": "2",
            "Name": "Lea Polachek",
            "Title ": "CTO"
        }
    },
    {
        "model": "scsite.team",
        "pk": 12,
        "fields": {
            "team_id": "12",
            "column": "2",
            "Name": "Berry Ventura-Lev",
            "Title ": "Android Expert"
        }
    },
    {
        "model": "scsite.team",
        "pk": 13,
        "fields": {
            "team_id": "13",
            "column": "2",
            "Name": "Danielle Kapon",
            "Title ": "TAU branch Manager"
        }
    },
    {
        "model": "scsite.team",
        "pk": 14,
        "fields": {
            "team_id": "14",
            "column": "2",
            "Name": "stav elmalich",
            "Title ": "JLM Huji branch manager"
        }
    },
    {
        "model": "scsite.team",
        "pk": 15,
        "fields": {
            "team_id": "15",
            "column": "2",
            "Name": "Mor Geva",
            "Title ": "Central area Manager"
        }
    },
    {
        "model": "scsite.team",
        "pk": 16,
        "fields": {
            "team_id": "16",
            "column": "2",
            "Name": "Tsipi Gibor",
            "Title ": "Director of Web Dev."
        }
    },
    {
        "model": "scsite.team",
        "pk": 17,
        "fields": {
            "team_id": "17",
            "column": "2",
            "Name": "Elvira Gandelman",
            "Title ": "google branch manager"
        }
    },
    {
        "model": "scsite.team",
        "pk": 18,
        "fields": {
            "team_id": "18",
            "column": "2",
            "Name": "Safaa Eek",
            "Title ": "Hertzliya area Manager"
        }
    },
    {
        "model": "scsite.team",
        "pk": 19,
        "fields": {
            "team_id": "19",
            "column": "2",
            "Name": "Maayan Arbel",
            "Title ": "TLV hackday branch manager"
        }
    },
    {
        "model": "scsite.team",
        "pk": 20,
        "fields": {
            "team_id": "20",
            "column": "2",
            "Name": "Shira Marzel",
            "Title ": "JLM area Manager"
        }
    },
    {
        "model": "scsite.team",
        "pk": 21,
        "fields": {
            "team_id": "21",
            "column": "3",
            "Name": "Shir Peri",
            "Title ": "COO"
        }
    },
    {
        "model": "scsite.team",
        "pk": 22,
        "fields": {
            "team_id": "22",
            "column": "3",
            "Name": "Lee Cohen",
            "Title ": "Marketing team and TLV Campus Coding Skills"
        }
    },
    {
        "model": "scsite.team",
        "pk": 23,
        "fields": {
            "team_id": "23",
            "column": "3",
            "Name": "Yael Altman",
            "Title ": "Director of new participants"
        }
    },
    {
        "model": "scsite.team",
        "pk": 24,
        "fields": {
            "team_id": "24",
            "column": "3",
            "Name": "Fabian Kipnis",
            "Title ": "JLM area Manager"
        }
    },
    {
        "model": "scsite.team",
        "pk": 25,
        "fields": {
            "team_id": "25",
            "column": "3",
            "Name": "Rotem Haber",
            "Title ": "Check point branch manager"
        }
    },
    {
        "model": "scsite.team",
        "pk": 26,
        "fields": {
            "team_id": "26",
            "column": "3",
            "Name": "Orit ophir",
            "Title ": "Klarna project branch manager"
        }
    },
    {
        "model": "scsite.team",
        "pk": 27,
        "fields": {
            "team_id": "27",
            "column": "3",
            "Name": "Sapir Glantz",
            "Title ": "HaifaU branch manager"
        }
    },
    {
        "model": "scsite.team",
        "pk": 28,
        "fields": {
            "team_id": "28",
            "column": "3",
            "Name": "Doreen Ben-Zvi",
            "Title ": "Weizmann branch manager"
        }
    },
    {
        "model": "scsite.team",
        "pk": 29,
        "fields": {
            "team_id": "29",
            "column": "3",
            "Name": "Reut Ben-Shai",
            "Title ": "BGU branch manager"
        }
    },
    {
        "model": "scsite.team",
        "pk": 30,
        "fields": {
            "team_id": "30",
            "column": "3",
            "Name": "Gal Bilus",
            "Title ": "Technion branch manager"
        }
    },
    {
        "model": "scsite.team",
        "pk": 31,
        "fields": {
            "team_id": "31",
            "column": "4",
            "Name": "Rony Jacobson",
            "Title ": "VP"
        }
    },
    {
        "model": "scsite.team",
        "pk": 32,
        "fields": {
            "team_id": "32",
            "column": "4",
            "Name": "Orit Kislev",
            "Title ": "TLV area Manager"
        }
    },
    {
        "model": "scsite.team",
        "pk": 33,
        "fields": {
            "team_id": "33",
            "column": "4",
            "Name": "Limor Burin Hirschfeld",
            "Title ": "PR Manager"
        }
    },
    {
        "model": "scsite.team",
        "pk": 34,
        "fields": {
            "team_id": "34",
            "column": "4",
            "Name": "Inbal Mishory",
            "Title ": "Check point branch manager"
        }
    },
    {
        "model": "scsite.team",
        "pk": 35,
        "fields": {
            "team_id": "35",
            "column": "4",
            "Name": "Dana muhlgay",
            "Title ": "Herzelia area manager"
        }
    },
    {
        "model": "scsite.team",
        "pk": 36,
        "fields": {
            "team_id": "36",
            "column": "4",
            "Name": "Alina Ovras",
            "Title ": "SCE branch manager"
        }
    },
    {
        "model": "scsite.team",
        "pk": 37,
        "fields": {
            "team_id": "37",
            "column": "4",
            "Name": "Gal Wainer",
            "Title ": "BGU branch manager"
        }
    },
    {
        "model": "scsite.team",
        "pk": 38,
        "fields": {
            "team_id": "38",
            "column": "4",
            "Name": "Noa Sabati",
            "Title ": "SCE branch manager"
        }
    },
    {
        "model": "scsite.team",
        "pk": 39,
        "fields": {
            "team_id": "39",
            "column": "4",
            "Name": "Julia Vishnevsky",
            "Title ": "Hertzliya Pituach branch manager"
        }
    },
    {
        "model": "scsite.team",
        "pk": 40,
        "fields": {
            "team_id": "40",
            "column": "4",
            "Name": "Danielle Yoselevich",
            "Title ": "Technion branch manag"
        }
    },
    {
        "model": "scsite.team",
        "pk": 41,
        "fields": {
            "team_id": "41",
            "column": "4",
            "Name": "Adi Y. Polak",
            "Title ": "Hertzliya Pituach branch manager"
        }
    }
]