team_id,column,Name,Title 
1,1,Ruth Polachek,Founder and Chairwoman
2,1,Karni Wolf,VP
3,1,Victoria Kalm,Haift area Manager
4,1,Luda Fux,ios expert
5,1,Shanee Radzewsky,TAU branch Manager
6,1,Dar Lador,Weizmann branch manager
7,1,Emily Lynx Shkler Kohen,HaifaU branch manager
8,1,Laya Kott,JLM Har-Hatzofim branch manager
9,1,Shany Krispin,Eilat area manager
10,1,Rotem Ariel,google branch manager
11,2,Lea Polachek,CTO
12,2,Berry Ventura-Lev,Android Expert
13,2,Danielle Kapon,TAU branch Manager
14,2,stav elmalich,JLM Huji branch manager
15,2,Mor Geva,Central area Manager
16,2,Tsipi Gibor,Director of Web Dev.
17,2,Elvira Gandelman,google branch manager
18,2,Safaa Eek,Hertzliya area Manager
19,2,Maayan Arbel,TLV hackday branch manager
20,2,Shira Marzel,JLM area Manager
21,3,Shir Peri,COO
22,3,Lee Cohen,Marketing team and TLV Campus Coding Skills
23,3,Yael Altman,Director of new participants
24,3,Fabian Kipnis,JLM area Manager
25,3,Rotem Haber,Check point branch manager
26,3,Orit ophir,Klarna project branch manager
27,3,Sapir Glantz,HaifaU branch manager
28,3,Doreen Ben-Zvi,Weizmann branch manager
29,3,Reut Ben-Shai,BGU branch manager
30,3,Gal Bilus,Technion branch manager
31,4,Rony Jacobson,VP
32,4,Orit Kislev,TLV area Manager
33,4,Limor Burin Hirschfeld,PR Manager
34,4,Inbal Mishory,Check point branch manager
35,4,Dana muhlgay,Herzelia area manager
36,4,Alina Ovras,SCE branch manager
37,4,Gal Wainer,BGU branch manager
38,4,Noa Sabati,SCE branch manager
39,4,Julia Vishnevsky,Hertzliya Pituach branch manager
40,4,Danielle Yoselevich,Technion branch manag
41,4,Adi Y. Polak,Hertzliya Pituach branch manager
